Name,Description,Priority,Deadline
SW5WC,Plan a product roadshow,3,2024/9/21
ar1XYR1,Integrate third-party services,5,2025/2/5
DBndXR,Revise the privacy policy,2,2024/9/6
erJnLfA,Integrate third-party services,3,2025/3/6
At7mF1otvx,Integrate third-party services,1,2025/8/29
m2b5aiqc,Revise the privacy policy,2,2024/9/22
hNflSw,Prepare the social media strategy,2,2025/2/22
3TU9ry2,Lead the next sprint planning,1,2024/12/5
9i40EV6,Integrate third-party services,5,2024/8/27
JFupHcZmYq,Lead the next sprint planning,3,2024/9/27
dsLE9T,Integrate third-party services,5,2024/9/21
aim5Va,Evaluate the team efficiency,4,2025/5/4
IOypXC,Run system vulnerability tests,3,2024/9/3
a0XzpulNB,Plan a product roadshow,3,2024/9/13
SKqCAuQ,Upgrade backend systems,5,2024/9/9
39fh6D,Assess the system for scalability,2,2024/9/22
oicHbwi,Upgrade backend systems,1,2024/9/24
8yA9W6,Integrate third-party services,1,2024/9/22
7Beqw4w0,Organize training for employees,2,2024/9/22
ydWaqAUXw,Set up new servers,5,2024/9/26
